"date","total_prompts"
"2025-03-28","147"
"2025-03-29","22"
"2025-03-30","4"
"2025-03-31","2"
"2025-04-01","99"
"2025-04-02","153"
"2025-04-03","82"
"2025-04-04","111"
"2025-04-07","83"
"2025-04-08","71"
"2025-04-09","76"
"2025-04-10","123"
"2025-04-11","66"
"2025-04-12","14"
"2025-04-14","38"
"2025-04-15","62"
"2025-04-16","117"
"2025-04-17","72"
"2025-04-18","47"
"2025-04-19","14"
"2025-04-21","63"
"2025-04-22","113"
"2025-04-23","37"
"2025-04-24","54"
"2025-04-25","113"
"2025-04-26","19"
"2025-04-27","23"
"2025-04-28","118"
"2025-04-29","151"
"2025-04-30","90"
"2025-05-01","4"
"2025-05-02","55"
"2025-05-03","8"
"2025-05-04","2"
"2025-05-05","73"
"2025-05-06","80"
"2025-05-07","88"
"2025-05-08","154"
"2025-05-09","89"
"2025-05-11","5"
"2025-05-12","87"
"2025-05-13","140"
"2025-05-14","204"
"2025-05-15","88"
"2025-05-16","78"
"2025-05-17","85"
"2025-05-18","104"
"2025-05-19","173"
"2025-05-20","175"
"2025-05-21","148"
"2025-05-22","160"
"2025-05-23","114"
"2025-05-24","6"
"2025-05-25","1"
"2025-05-26","150"
"2025-05-27","136"
"2025-05-28","115"
"2025-05-29","145"
"2025-05-30","92"
"2025-05-31","2"
"2025-06-01","4"
"2025-06-02","112"
"2025-06-03","103"
"2025-06-04","101"
"2025-06-05","160"
"2025-06-06","109"
"2025-06-07","3"
"2025-06-09","47"
"2025-06-10","119"
"2025-06-11","112"
"2025-06-12","75"
"2025-06-13","98"
"2025-06-14","19"
"2025-06-15","23"
"2025-06-16","106"
"2025-06-17","146"
"2025-06-18","150"
"2025-06-19","103"
"2025-06-20","162"
"2025-06-21","10"
"2025-06-23","115"
"2025-06-24","99"
"2025-06-25","192"
"2025-06-26","149"
"2025-06-27","88"
"2025-06-28","4"
"2025-06-29","8"
"2025-06-30","129"
"2025-07-01","79"
"2025-07-02","127"
"2025-07-03","96"
"2025-07-04","98"
"2025-07-05","11"
"2025-07-06","1"
"2025-07-07","81"
"2025-07-08","82"
"2025-07-09","52"
